modelo,tp,fp,fn,alertas,precision,prec_wilson95,recall,rec_wilson95,f1,f1_boot95
XGBoost,2,10,3,12,0.16666666666666666,"[4.7%, 44.8%]",0.4,"[11.8%, 76.9%]",0.23529411764705882,"[0.0%, 50.0%]"
LightGBM,3,10,2,13,0.23076923076923078,"[8.2%, 50.3%]",0.6,"[23.1%, 88.2%]",0.33333333333333337,"[0.0%, 60.9%]"
Consenso (AND),2,9,3,11,0.18181818181818182,"[5.1%, 47.7%]",0.4,"[11.8%, 76.9%]",0.25000000000000006,"[0.0%, 53.3%]"
